 Time, Alt, Temp, Speed, 
  6.17999986186624, 0.803334534168243, 304.636623150347, -8.69169065254027E-06, 
  11.2199997492135, 2.78034353256226, 304.655021682933, 2.77067996772647, 
 Time, Alt, Temp, Speed, 
  7.53999983146787, 0.803334534168243, 304.670645624468, -5.49268728207153E-05, 
  12.5799997188151, 2.78034782409668, 304.690099076218, 2.77068314629192, 
  17.6199996061623, 28.3307285308838, 304.717318822881, 5.22863446532868, 
  22.6599994935095, 53.7221298217773, 304.749418658506, 5.01407090112703, 
  27.6999993808568, 78.956169128418, 304.781534001046, 5.08260482784424, 
  32.739999268204, 104.214988708496, 304.811550813668, 5.07709847790541, 
  37.7799991555512, 129.451232910156, 304.837841430627, 5.02884545987834, 
  42.8199990428984, 154.643127441406, 304.85952333906, 4.98101292572041, 
  47.8599989302456, 179.809631347656, 304.876173923914, 4.93372897151771, 
  52.8999988175929, 204.985321044922, 304.887665327679, 4.90573404946777, 
  57.9399987049401, 230.165603637695, 304.894084987085, 4.97296711496816, 
  62.9799985922873, 255.376220703125, 304.895601867996, 5.04035615644021, 
  68.0199984796345, 280.610321044922, 304.892267915407, 5.10494324826307, 
  73.0599983669817, 305.854156494141, 304.884567548161, 5.05893287640248, 
  78.099998254329, 331.090118408203, 304.87272293808, 5.01098167714692, 
  83.1399981416762, 356.280151367188, 304.857001774823, 4.96396276247965, 
  88.1799980290234, 381.441589355469, 304.837726165135, 4.9163443017036, 
  93.2199979163706, 406.617431640625, 304.818382651891, 4.92641309976739, 
  98.2599978037179, 431.789306640625, 304.800197617333, 4.9923750960721, 
  103.299997691065, 457.035552978516, 304.782176366958, 5.0576687215087, 
  108.339997578412, 482.274963378906, 304.763715469142, 5.09928885814455, 
  113.37999746576, 507.532257080078, 304.745752201133, 5.05262956180577, 
  118.419997353107, 532.738037109375, 304.727547276043, 5.00789202882827, 
  123.459997240454, 557.936401367188, 304.707521967126, 4.96394900355607, 
  128.499997127801, 583.120056152344, 304.685827873203, 4.91763458131456, 
  133.539997015148, 608.274108886719, 304.662055171453, 4.92705919114329, 
  138.579996902496, 633.456848144531, 304.636486986165, 4.99254529271329, 
  143.619996789843, 658.669372558594, 304.608789934552, 5.05615699141286, 
  148.65999667719, 683.912414550781, 304.577640947726, 5.09842402205128, 
  153.699996564537, 709.173095703125, 304.545347580296, 5.05340747307896, 
  158.739996451885, 734.390502929688, 304.514271216356, 5.01010955769935, 
  163.779996339232, 759.679321289063, 304.482390460338, 4.96583903697635, 
  168.819996226579, 785.0068359375, 304.448780912129, 4.92138087913099, 
  173.859996113926, 810.315002441406, 304.413636927146, 4.91992392700428, 
  178.899996001273, 835.671020507813, 304.376972495261, 4.98588850976785, 
  183.939995888621, 861.041870117188, 304.339085406839, 5.0465352865595, 
  188.979995775968, 886.471069335938, 304.299778714171, 5.10529625715711, 
  194.019995663315, 911.897766113281, 304.259102957131, 5.0689770483129, 
  199.059995550662, 937.279968261719, 304.217202492917, 5.02749599361962, 
  204.09999543801, 962.682189941406, 304.173704764341, 4.98520790423359, 
  209.130029505268, 987.977783203125, 304.129100044073, 4.94300872785145, 
  214.102006933201, 1013.06573486328, 304.075994902591, 4.95174788666962, 
  219.22200681876, 1038.89990234375, 304.009957057066, 4.9631232666611, 
  224.342006704319, 1064.70922851563, 303.941215394757, 4.97817198356243, 
  229.462006589878, 1090.5390625, 303.870449642914, 4.98643834249383, 
  234.582006475437, 1116.36340332031, 303.797844121103, 5.00136124848284, 
  239.702006360996, 1142.18542480469, 303.723566507855, 5.01567405714235, 
  244.822006246555, 1167.98693847656, 303.648070198877, 5.02523772588989, 
  249.942006132114, 1193.78759765625, 303.571015346323, 5.06928327010158, 
  255.062006017673, 1219.5419921875, 303.492886414668, 5.11367854726315, 
  260.182005903232, 1245.34069824219, 303.412973690042, 5.12797156498395, 
  265.302005788792, 1271.16101074219, 303.332019169449, 5.1177572451691, 
  270.422005674351, 1296.98059082031, 303.249856750837, 5.09240559052267, 
  275.54200555991, 1322.77905273438, 303.166401787393, 5.07549844748205, 
  280.662005445469, 1348.61950683594, 303.081692330419, 5.04873814390574, 
  285.782005331028, 1374.45983886719, 302.995475609962, 5.02047168626841, 
  290.902005216587, 1400.25622558594, 302.908406004908, 5.00158963497185, 
  296.022005102146, 1426.029296875, 302.819938511662, 4.95990767800598, 
  301.142004987705, 1451.65771484375, 302.730451038791, 4.89892293573037, 
  306.262004873264, 1477.30944824219, 302.639958741818, 4.88839088896543, 
  311.382004758823, 1502.96252441406, 302.5483206587, 4.89409135947867, 
  316.502004644382, 1528.61572265625, 302.455507866117, 4.93110380434968, 
  321.622004529941, 1554.28686523438, 302.361547757723, 4.95158376820581, 
  326.742004415501, 1579.8994140625, 302.266412182938, 4.96642931443502, 
  331.86200430106, 1605.55297851563, 302.17021482851, 5.00661349643609, 
  336.982004186619, 1631.15869140625, 302.072920094095, 5.02300756023301, 
  342.102004072178, 1656.80786132813, 301.974426637607, 5.04557640224124, 
  347.222003957737, 1682.40551757813, 301.874851068984, 5.05670987901374, 
  352.342003843296, 1708.04748535156, 301.77417406398, 5.07129864936623, 
  357.462003728855, 1733.60205078125, 301.672441555326, 5.11083955837567, 
  362.582003614414, 1759.22583007813, 301.569607987761, 5.12369179048329, 
  367.702003499973, 1784.81628417969, 301.465653311069, 5.11960764385103, 
  372.822003385532, 1810.41381835938, 301.360736334137, 5.07811382183631, 
  377.942003271091, 1836.05541992188, 301.254527490903, 5.03494919165051, 
  383.06200315665, 1861.70251464844, 301.147455221492, 4.99257796390924, 
  388.18200304221, 1887.3251953125, 301.039299477181, 4.94952799389587, 
  393.302002927769, 1913.00231933594, 300.930176878358, 4.9158800521015, 
  398.422002813328, 1938.68774414063, 300.819833175909, 4.90081341200025, 
  403.542002698887, 1964.34692382813, 300.70876864928, 4.92534712352783, 
  408.662002584446, 1989.99755859375, 300.59688258741, 4.94860949662839, 
  413.782002470005, 2015.6845703125, 300.483898174383, 4.9745196539608, 
  418.902002355564, 2041.29467773438, 300.369889354271, 4.99530426378188, 
  424.022002241123, 2066.919921875, 300.255150556376, 5.041157253366, 
  429.142002126682, 2092.54541015625, 300.139650031532, 5.06197830992272, 
  434.262002012241, 2118.126953125, 300.02363750605, 5.10816021917816, 
  439.3820018978, 2143.70922851563, 299.906853023777, 5.12544736552468, 
  444.502001783359, 2169.2841796875, 299.789197182236, 5.05922663058037, 
  449.622001668919, 2194.90942382813, 299.669905815949, 5.03288883025793, 
  454.742001554478, 2220.50463867188, 299.550321277009, 4.97706665519259, 
  459.862001440037, 2246.171875, 299.429957511776, 4.91608745271623, 
  464.982001325596, 2271.87524414063, 299.308730203262, 4.90717618714211, 
  470.102001211155, 2297.54467773438, 299.186650353244, 4.93446292144471, 
  475.222001096714, 2323.2021484375, 299.063695174555, 4.98389971618168, 
  480.342000982273, 2348.83715820313, 298.939602289928, 5.01287178081488, 
  485.462000867832, 2374.45483398438, 298.814888904775, 5.0319565490738, 
  490.582000753391, 2400.08959960938, 298.689133831236, 5.06004936480579, 
  495.70200063895, 2425.6552734375, 298.562571139444, 5.10867240030984, 
  500.822000524509, 2451.26513671875, 298.435311103662, 5.12298339629579, 
  505.942000410068, 2476.87548828125, 298.307196898847, 5.10864975598875, 
  511.062000295628, 2502.45947265625, 298.178204370851, 5.05876514385473, 
  516.182000181187, 2528.06860351563, 298.048409576453, 4.99446103069052, 
  521.302000066746, 2553.70971679688, 297.917846940563, 4.94013573042095, 
  526.421999952305, 2579.38940429688, 297.786543941272, 4.89260067624474, 
  531.541999837864, 2605.07543945313, 297.654422661666, 4.90291521188949, 
  536.661999723423, 2630.74609375, 297.521486946095, 4.95105743073538, 
  541.781999608982, 2656.37622070313, 297.387849207554, 4.99482915484306, 
  546.901999494541, 2682.02099609375, 297.253420436604, 5.02643181787846, 
  552.0219993801, 2707.62231445313, 297.118256177292, 5.07342636238913, 
  557.141999265659, 2733.17260742188, 296.982257201288, 5.11573398444905, 
  562.261999151218, 2758.70532226563, 296.845449712365, 5.06403355063686, 
  567.381999036777, 2784.32446289063, 296.707637626352, 5.00309182467325, 
  572.501998922337, 2809.98876953125, 296.569292307774, 4.940465753308, 
  577.621998807896, 2835.68188476563, 296.430302710028, 4.89500578047532, 
  582.741998693455, 2861.34643554688, 296.290600501649, 4.91819672652994, 
  587.861998579014, 2886.97778320313, 296.150207842682, 4.94117406139836, 
  592.981998464573, 2912.64477539063, 296.009035329771, 4.96457602310559, 
  598.101998350132, 2938.26123046875, 295.867218161002, 4.98728185265654, 
  603.221998235691, 2963.91577148438, 295.724742698648, 5.01127745827469, 
  608.34199812125, 2989.54467773438, 295.581478965918, 5.04538844966538, 
  613.461998006809, 3015.15551757813, 295.437535474858, 5.06914839476269, 
  618.581997892368, 3040.75854492188, 295.292959576872, 5.10395010992599, 
  623.701997777927, 3066.3623046875, 295.147659053112, 5.12210096776808, 
  628.821997663486, 3091.9482421875, 295.001685024542, 5.10091176661264, 
  633.941997549045, 3117.52563476563, 294.855081996266, 5.02081390952581, 
  639.061997434605, 3143.14208984375, 294.707828362509, 4.97336244723989, 
  644.181997320164, 3168.80395507813, 294.559918209984, 4.92533425924204, 
  649.301997205723, 3194.50366210938, 294.411347769988, 4.90335968621172, 
  654.421997091282, 3220.16430664063, 294.262235616651, 4.95684812727733, 
  659.541996976841, 3245.810546875, 294.112431169032, 4.9861860014191, 
  664.6619968624, 3271.44921875, 293.961994331724, 5.01328083260375, 
  669.781996747959, 3297.04443359375, 293.810899573362, 5.06167703920551, 
  674.901996633518, 3322.5966796875, 293.659234079044, 5.10897262736145, 
  680.021996519077, 3348.16674804688, 293.506938081768, 5.07498304291298, 
  685.141996404636, 3373.75439453125, 293.354001230902, 5.02761371874153, 
  690.261996290195, 3399.38842773438, 293.20047053092, 4.97376745447629, 
  695.381996175754, 3425.03442382813, 293.04631755478, 4.91987481844485, 
  700.501996061314, 3450.70068359375, 292.891663986177, 4.88938250462887, 
  705.621995946873, 3476.40795898438, 292.736432505153, 4.93543182029597, 
  710.741995832432, 3502.052734375, 292.58068184926, 4.98583092386174, 
  715.861995717991, 3527.6572265625, 292.424274506471, 5.03716029453204, 
  720.98199560355, 3553.21899414063, 292.267281226764, 5.08720442931789, 
  726.101995489109, 3578.75610351563, 292.109755360637, 5.10467867848293, 
  731.221995374668, 3604.3349609375, 291.951609953269, 5.02899973678049, 
  736.341995260227, 3629.9921875, 291.792676008452, 4.94977992941968, 
  741.461995145786, 3655.67919921875, 291.63222176675, 4.89255845815302, 
  746.581995031345, 3681.34790039063, 291.471082404516, 4.94115845793308, 
  751.701994916904, 3706.98046875, 291.309706515933, 4.99238397280881, 
  756.821994802463, 3732.60327148438, 291.147868089734, 5.04056159047592, 
  761.941994688023, 3758.17456054688, 290.985523540039, 5.09578117739518, 
  767.061994573582, 3783.74609375, 290.822632072401, 5.1268104968985, 
  772.181994459141, 3809.318359375, 290.659202573285, 5.04037562028725, 
  777.3019943447, 3834.931640625, 290.495284233739, 4.95849811771974, 
  782.421994230259, 3860.6376953125, 290.330912385636, 4.89041278871626, 
  787.541994115818, 3886.32397460938, 290.166109336423, 4.93874916023807, 
  792.661994001377, 3911.99243164063, 290.000883455733, 4.97500485508964, 
  797.781993886936, 3937.58837890625, 289.835206669923, 5.02522748272757, 
  802.901993772495, 3963.15942382813, 289.669037309106, 5.07434440732882, 
  808.021993658054, 3988.68090820313, 289.502384529688, 5.11371962203182, 
  813.141993543613, 4014.22900390625, 289.33524340532, 5.04392518201344, 
  818.261993429172, 4039.82788085938, 289.167685069045, 4.95888625781018, 
  823.381993314732, 4065.48974609375, 288.999634690421, 4.89259592552231, 
  828.501993200291, 4091.16674804688, 288.831163424637, 4.93670275241939, 
  833.62199308585, 4116.79345703125, 288.662337068859, 4.98710233608128, 
  838.741992971409, 4142.4072265625, 288.49313745905, 5.04486191627385, 
  843.861992856968, 4167.9794921875, 288.323409441669, 5.10010174927837, 
  848.981992742527, 4193.5009765625, 288.153242773888, 5.07966938929219, 
  854.101992628086, 4219.09326171875, 287.982580913327, 4.99946720289923, 
  859.221992513645, 4244.73193359375, 287.811481513746, 4.91877888194031, 
  864.341992399204, 4270.423828125, 287.640114325335, 4.91373482368795, 
  869.461992284763, 4296.0888671875, 287.468373065666, 4.96947202402761, 
  874.581992170322, 4321.72216796875, 287.296247493322, 5.02030515383355, 
  879.701992055881, 4347.2939453125, 287.123691050392, 5.08215936938684, 
  884.821991941441, 4372.841796875, 286.950625760212, 5.10396991656627, 
  889.941991827, 4398.40771484375, 286.777199383381, 5.02207825593507, 
  895.061991712559, 4424.03955078125, 286.6033693243, 4.94308534142729, 
  900.181991598118, 4449.75927734375, 286.429211430111, 4.90362137051602, 
  905.301991483677, 4475.451171875, 286.254716763382, 4.95922953922545, 
  910.421991369236, 4501.0888671875, 286.079906038139, 5.01419486203315, 
  915.541991254795, 4526.66015625, 285.904663378225, 5.06587091708464, 
  920.661991140354, 4552.22607421875, 285.72884035657, 5.11420305044091, 
  925.781991025913, 4577.7744140625, 285.552791516347, 5.0472317994407, 
  930.901990911472, 4603.40673828125, 285.375732358921, 4.96017042313143, 
  936.021990797031, 4629.0849609375, 285.198193701874, 4.89171197787, 
  941.14199068259, 4654.818359375, 285.020291146748, 4.94613226457106, 
  946.261990568149, 4680.48193359375, 284.8420890032, 5.00381044838595, 
  951.381990453709, 4706.09716796875, 284.663474070694, 5.06466302009217, 
  956.501990339268, 4731.669921875, 284.484447973515, 5.11455467857797, 
  961.621990224827, 4757.21923828125, 284.304971453295, 5.0441129920592, 
  966.741990110386, 4782.8564453125, 284.12515109188, 4.96009749954924, 
  971.861989995945, 4808.58349609375, 283.944996568061, 4.89450935231602, 
  976.981989881504, 4834.2666015625, 283.764849448409, 4.9514581443685, 
  982.101989767063, 4859.9130859375, 283.584598309287, 5.00980909717842, 
  987.221989652622, 4885.505859375, 283.404240154641, 5.0678025809344, 
  992.341989538181, 4911.05615234375, 283.223518154364, 5.11576340358127, 
  997.46198942374, 4936.60546875, 283.042399349491, 5.03146896127615, 
  1002.5819893093, 4962.24755859375, 282.860671214797, 4.94422547773695, 
  1007.70198919486, 4987.9345703125, 282.678726309899, 4.90736592306035, 
  1012.82198908042, 5013.62158203125, 282.49637507665, 4.9623355354082, 
  1018.26198895882, 5040.8681640625, 282.302107158171, 4.99909548088559, 
 Time, Alt, Temp, Speed, 
  0.0199999995529652, 6360.04248046875, 273.55225573139, 5.02336678577892, 
  5.05999988690019, 6385.27001953125, 273.381315385733, 4.97235684974548, 
  10.0999997742474, 6410.494140625, 273.210176108278, 4.92245989233631, 
  15.1399996615946, 6435.72705078125, 273.038787951314, 4.91050426743159, 
  20.1799995489419, 6460.994140625, 272.867123036682, 4.9401792401157, 
  25.2199994362891, 6486.21533203125, 272.695117570896, 4.97189639899432, 
  30.2599993236363, 6511.43994140625, 272.52287963606, 5.00401762302991, 
  35.2999992109835, 6536.62109375, 272.350431125919, 5.0361880238995, 
  40.3399990983307, 6561.84423828125, 272.177640306442, 5.06749717078576, 
  45.379998985678, 6587.0009765625, 272.00470312022, 5.09770675191777, 
  50.4199988730252, 6612.15673828125, 271.831521220376, 5.06912123673547, 
  55.4599987603724, 6637.33642578125, 271.658027415079, 5.01878997079443, 
  60.4999986477196, 6662.54541015625, 271.484323061441, 4.96877956911743, 
  65.5399985350668, 6687.7841796875, 271.310431650817, 4.91504324777704, 
  70.5799984224141, 6713.03515625, 271.136295506487, 4.91748123452574, 
  75.6199983097613, 6738.26708984375, 270.961958595257, 4.95082893643014, 
  80.6599981971085, 6763.515625, 270.787411523799, 4.98278067077025, 
  85.6999980844557, 6788.70654296875, 270.612640913266, 5.01628060319052, 
  90.739997971803, 6813.8974609375, 270.437671956753, 5.04806703781914, 
  95.7799978591502, 6839.06298828125, 270.262366436088, 5.08209230505781, 
  100.819997746497, 6864.22802734375, 270.08668325416, 5.09173485163551, 
  105.859997633845, 6889.39306640625, 269.911026111349, 5.03646859956476, 
  110.899997521192, 6914.60205078125, 269.73519494377, 4.97927981008948, 
  115.939997408539, 6939.83203125, 269.559131374002, 4.92308051269823, 
  120.979997295886, 6965.07373046875, 269.382984169629, 4.91312457210846, 
  126.019997183234, 6990.35009765625, 269.206653510906, 4.94518227263521, 
  131.059997070581, 7015.55908203125, 269.030193302755, 4.97723297653378, 
  136.099996957928, 7040.7861328125, 268.853487198213, 5.01009248045457, 
  141.139996845275, 7065.96826171875, 268.676624286906, 5.04507054084868, 
  146.179996732622, 7091.14453125, 268.499598963687, 5.07942903911095, 
  151.21999661997, 7116.27490234375, 268.322378309526, 5.09399955371488, 
  156.259996507317, 7141.4501953125, 268.144974562078, 5.0394600643737, 
  161.299996394664, 7166.66943359375, 267.967431761287, 4.98148606088687, 
  166.339996282011, 7191.88916015625, 267.789762404018, 4.92347404583934, 
  171.379996169358, 7217.15087890625, 267.611927300454, 4.91532292600905, 
  176.419996056706, 7242.38330078125, 267.433909483703, 4.95023273867253, 
  181.459995944053, 7267.62109375, 267.255778316088, 4.98628373950659, 
  186.468819074278, 7292.6572265625, 267.078621216658, 5.02322932151111, 
  191.529839468967, 7317.92822265625, 266.883976154942, 5.09950030719381, 
  196.649839354526, 7343.4267578125, 266.676031256384, 5.04323736273329, 
  201.769839240085, 7369.0986328125, 266.466579747031, 4.91323810839437, 
  206.889839125644, 7394.8349609375, 266.256510656049, 4.93782707293637, 
  212.009839011203, 7320.46533203125, 266.046173647007, 5.01092015569381, 
  217.129838896763, 7346.06591796875, 265.835593059408, 5.08767437295073, 
  222.249838782322, 7371.57373046875, 265.624820351515, 5.06432367259367, 
  227.369838667881, 7397.2109375, 265.413937629602, 4.93085268410455, 
  232.48983855344, 7422.939453125, 265.203114861239, 4.92860100335916, 
  237.609838438999, 7448.60498046875, 264.992569087881, 5.00179203757938, 
  242.729838324558, 7466.19873046875, 264.782145437878, 5.07708279360929, 
  247.849838210117, 7491.7236328125, 264.571669309278, 5.08159221253875, 
  252.969838095676, 7517.33740234375, 264.361209499266, 4.94836281444564, 
  258.089837981235, 7543.09716796875, 264.150844521131, 4.92745398663591, 
  263.209837866794, 7568.7568359375, 263.94078790017, 5.03524664938061, 
  268.329837752353, 7594.27197265625, 263.730741497525, 5.11129622931799, 
  273.449837637912, 7619.833984375, 263.520646236341, 5.01734427799558, 
  278.569837523472, 7645.49853515625, 263.311503938913, 4.89611643306368, 
  283.689837409031, 7671.22216796875, 263.103582697789, 4.99406357267841, 
  288.80983729459, 7696.8251953125, 262.896257132881, 5.06702145987127, 
  293.929837180149, 7722.333984375, 262.689268435318, 5.09757202068097, 
  299.049837065708, 7747.93896484375, 262.482330006731, 4.95700739168431, 
  304.169836951267, 7773.65966796875, 262.275707089203, 4.91596043750027, 
  309.289836836826, 7799.369140625, 262.069259969953, 4.98730913176692, 
  314.409836722385, 7824.8955078125, 261.863036607981, 5.09699294848667, 
  319.529836607944, 7850.39697265625, 261.656745432869, 5.04191039464362, 
  324.649836493503, 7876.068359375, 261.450568034778, 4.91507035876901, 
  329.769836379062, 7901.80810546875, 261.244640112197, 4.94963178415878, 
  334.889836264621, 7935.43505859375, 261.039015476675, 5.06179801141208, 
  340.00983615018, 7960.9560546875, 260.833311671202, 5.1051928732044, 
  345.12983603574, 7986.52685546875, 260.627642810631, 4.94724985730379, 
  350.249835921299, 8012.302734375, 260.422242909123, 4.95641095530939, 
  355.369835806858, 8037.8828125, 260.216996092601, 5.03123704624686, 
  360.489835692417, 8163.52197265625, 260.011692667271, 5.10209645547369, 
  365.609835577976, 8189.03271484375, 259.806549226172, 5.02761546624843, 
  370.729835463535, 8214.720703125, 259.60151543966, 4.89226719645396, 
  375.849835349094, 8240.4501953125, 259.396703544481, 4.96358640567971, 
  380.969835234653, 8266.0908203125, 259.192131222889, 5.04432191883896, 
  386.089835120212, 8291.619140625, 258.987638405755, 5.11532373306424, 
  391.209835005771, 8317.1650390625, 258.783185591429, 5.00071828234209, 
  396.32983489133, 8342.87890625, 258.57885020329, 4.90020031644099, 
  401.449834776889, 8368.6142578125, 258.374799195788, 4.98072877619478, 
  406.569834662449, 8394.1337890625, 258.17098745524, 5.08651643684661, 
  411.689834548008, 8419.654296875, 257.967115765255, 5.05444682249471, 
  416.809834433567, 8445.318359375, 257.763338677165, 4.90641090203276, 
  421.929834319126, 8471.0400390625, 257.559895186185, 4.98197108749281, 
  427.049834204685, 8496.6650390625, 257.356636040105, 5.06197343883827, 
  432.169834090244, 8522.1083984375, 257.153436959211, 5.04228543038882, 
  437.289833975803, 8547.7734375, 256.950299429602, 4.89881411011926, 
  442.409833861362, 8573.505859375, 256.747447768484, 4.95652165904761, 
  447.529833746921, 8599.1640625, 256.544855468036, 5.03166862249999, 
  452.64983363248, 8624.6943359375, 256.342389489368, 5.11144505118166, 
  457.769833518039, 8650.21484375, 256.139944899652, 4.97752789254979, 
  462.889833403598, 8675.96484375, 255.937756802988, 4.92922302406444, 
  468.009833289158, 8701.6396484375, 255.735837349191, 5.0057422245789, 
  473.129833174717, 8727.23046875, 255.534106465283, 5.08157084391028, 
  478.249833060276, 8752.720703125, 255.332416651748, 5.06126243674962, 
  483.369832945835, 8778.3681640625, 255.131243066958, 4.91248049678231, 
  488.489832831394, 8804.109375, 254.931400086714, 4.98091195194971, 
  493.609832716953, 8829.736328125, 254.732857398229, 5.06350384036094, 
  498.729832602512, 8855.197265625, 254.535500326757, 5.03863646669399, 
  503.849832488071, 8880.896484375, 254.339330427171, 4.89446785800493, 
  508.96983237363, 8906.6162109375, 254.144694830477, 5.00046533673107, 
  514.089832259189, 8932.1220703125, 253.951395487678, 5.11222296773219, 
  519.209832144748, 8957.646484375, 253.759122115385, 4.99390270533473, 
  524.329832030307, 8983.3642578125, 253.568128746036, 4.90426629175269, 
  529.449831915867, 9009.0654296875, 253.378575900702, 5.0128189006852, 
  534.569831801426, 9034.6025390625, 253.190202906957, 5.09254026872392, 
  539.689831686985, 9060.0927734375, 253.002912182532, 5.03613521872825, 
  544.809831572544, 9085.80078125, 252.816739702293, 4.89409292034703, 
  549.929831458103, 9111.546875, 252.631883983514, 5.00355591743717, 
  555.049831343662, 9137.1220703125, 252.44825038026, 5.08393392802736, 
  560.169831229221, 9162.587890625, 252.265694050873, 5.00904440337285, 
  565.28983111478, 9188.31640625, 252.084301559495, 4.91520162583988, 
  570.409831000339, 9214.0283203125, 251.904190929152, 4.99697172418223, 
  575.529830885898, 9239.6181640625, 251.725265252327, 5.0833097244724, 
  580.649830771457, 9265.0966796875, 251.547336023555, 5.00915773730407, 
  585.769830657016, 9290.8427734375, 251.370523931247, 4.91605925229702, 
  590.889830542576, 9316.5107421875, 251.19503108155, 5.0222044063978, 
  596.009830428135, 9342.158203125, 251.020558000985, 5.10050148755845, 
  601.129830313694, 9367.5634765625, 250.847064575241, 4.98516418507003, 
  606.249830199253, 9393.3115234375, 250.674656560286, 4.93369591437053, 
  611.369830084812, 9418.9296875, 250.503533018252, 5.03959834586638, 
  616.489829970371, 9444.458984375, 250.333406695861, 5.11621361381276, 
  621.60982985593, 9469.9853515625, 250.164207878258, 4.97694136786241, 
  626.729829741489, 9495.73828125, 249.996113808986, 4.91889539597923, 
  631.849829627048, 9521.4365234375, 249.829183224709, 5.00451012208302, 
  636.969829512607, 9547.0068359375, 249.663303421173, 5.08237597472909, 
  642.089829398166, 9572.501953125, 249.498325205807, 5.04769863741244, 
  647.209829283725, 9598.1640625, 249.33434898236, 4.89472937715769, 
  652.329829169284, 9623.9111328125, 249.171466716921, 4.97127809940889, 
  657.449829054844, 9649.4912109375, 249.009723086195, 5.08195453674693, 
  662.569828940403, 9674.978515625, 248.848796489679, 5.04749528982775, 
  667.689828825962, 9700.6337890625, 248.688840446185, 4.89522574912712, 
  672.809828711521, 9726.416015625, 248.529940415532, 4.97122526175129, 
  677.92982859708, 9751.98046875, 248.372149567313, 5.08191829414834, 
  683.049828482639, 9759.9326171875, 248.215137049636, 5.04685856004366, 
  688.169828368198, 9781.583984375, 248.059032535613, 4.89586977956932, 
  693.289828253757, 9807.3740234375, 247.904055705291, 5.00345891754289, 
  698.409828139316, 9832.9365234375, 247.749971782531, 5.08297931567598, 
  703.529828024875, 9858.041015625, 247.596702855154, 5.0046949056338, 
  708.649827910434, 9886.2373046875, 247.444306830516, 4.91854795958928, 
  713.769827795993, 9913.822265625, 247.292846159618, 4.99705417189934, 
  718.889827681553, 9939.287109375, 247.14223936196, 5.10660147540928, 
  724.009827567112, 9982.359375, 246.992272903287, 4.96878397493798, 
  729.129827452671, 10008.1494140625, 246.843150797577, 4.94799211368792, 
 Time, Alt, Temp, Speed, 
  0.0799999982118607, 10167.7705078125, 245.931152358743, 5.11175922625672, 
  5.19999988377094, 10193.3212890625, 245.787373993735, 4.95044687910543, 
  10.31999976933, 10219.0869140625, 245.644503519961, 4.95444798282563, 
  15.4399996548891, 10244.6796875, 245.502479421403, 5.06426106313701, 
  20.5599995404482, 10270.15234375, 245.361039515968, 5.07619137288262, 
  25.6799994260073, 10295.822265625, 245.22022698285, 4.89944437960951, 
  30.7999993115664, 10321.5849609375, 245.080224115395, 4.96298867440407, 
  35.9199991971254, 10347.185546875, 244.94098135031, 5.04823730810112, 
  41.0399990826845, 10372.6279296875, 244.802350025083, 5.05126021772888, 
  46.1599989682436, 10398.3125, 244.664306321798, 4.89390792031361, 
  51.2799988538027, 10424.017578125, 244.52708482233, 4.99773587880486, 
  56.3999987393618, 10449.517578125, 244.390541112487, 5.10719335200201, 
  61.5199986249208, 10475.0361328125, 244.25447124425, 4.96328257956981, 
  66.6399985104799, 10500.822265625, 244.119113868172, 4.94713750151787, 
  71.759998396039, 10526.4697265625, 243.984463636638, 5.03013006988569, 
  76.8799982815981, 10551.9794921875, 243.850404976856, 5.11417634490111, 
  81.9999981671572, 10577.490234375, 243.716855088641, 4.95089763785764, 
  87.1199980527163, 10603.2861328125, 243.584001240409, 4.95771190826906, 
  92.2399979382753, 10628.8828125, 243.451856971138, 5.07064542075474, 
  97.3599978238344, 10654.361328125, 243.32017575765, 5.0586835997649, 
  102.479997709394, 10680.0537109375, 243.188993817373, 4.8959074421591, 
  107.599997594953, 10705.791015625, 243.058607719097, 5.00428342196727, 
  112.719997480512, 10731.3515625, 242.928820466597, 5.08991193211544, 
  117.839997366071, 10756.8408203125, 242.799488812365, 4.98796596066124, 
  122.95999725163, 10782.5966796875, 242.670735537769, 4.93916748830479, 
  128.079997137189, 10808.2373046875, 242.542691411622, 5.04957692354164, 
  133.199997022748, 10833.7158203125, 242.415109014897, 5.10242523311005, 
  138.319996908307, 10859.318359375, 242.288001062025, 4.91554019721947, 
  143.439996793866, 10885.0966796875, 242.161552978256, 4.95979459949993, 
  148.559996679425, 10910.6787109375, 242.035833367367, 5.07014805131485, 
  153.679996564984, 10936.125, 241.910632339151, 5.01472502626626, 
  158.799996450543, 10961.8798828125, 241.78605234738, 4.91990368777476, 
  163.919996336102, 10982.63671875, 241.662228497471, 5.03586069415184, 
  169.039996221662, 11008.1171875, 241.538930169191, 5.11971472813822, 
  174.159996107221, 11033.68359375, 241.416202920543, 4.93263188135116, 
  179.27999599278, 11059.4658203125, 241.294155050442, 4.97157069929371, 
  184.399995878339, 11089.9677734375, 241.172762206357, 5.08347713993896, 
  189.519995763898, 11115.4140625, 241.051912571438, 4.99476097624975, 
  194.639995649457, 11141.216796875, 240.931668393045, 4.93840532722997, 
  199.759995535016, 11166.8359375, 240.812181320582, 5.0518861571019, 
  204.879995420575, 11192.2744140625, 240.693190694648, 5.04126306728328, 
  209.999995306134, 11219.2392578125, 240.57471458591, 4.90697842351793, 
  215.119995191693, 11246.791015625, 240.456956234327, 5.01713826852152, 
  220.239995077252, 11272.3515625, 240.339754631238, 5.09409463688189, 
  225.359994962811, 11297.9365234375, 240.222994311379, 4.9264889709781, 
  230.479994848371, 11323.7041015625, 240.106891926225, 4.97757433868973, 
  235.59999473393, 11349.3046875, 239.991381778239, 5.06758505876054, 
  240.719994619489, 11374.771484375, 239.876342457586, 5.01572284208548, 
  245.839994505048, 11400.5244140625, 239.762914675969, 4.92412690926803, 
  250.959994390607, 11426.203125, 239.650326002589, 5.04101831548795, 
  256.079994276166, 11451.6630859375, 239.538194209585, 5.05713534867057, 
  261.199994161725, 11477.3212890625, 239.426466468686, 4.89589585112857, 
  266.319994047284, 11503.056640625, 239.315280923035, 5.00035334069842, 
  271.439993932843, 11528.5673828125, 239.204510883888, 5.1086310878334, 
  276.559993818402, 11554.0947265625, 239.094018448107, 4.96109530999314, 
  281.679993703961, 11579.8935546875, 238.984037004125, 4.94407691817801, 
  286.79999358952, 11605.5087890625, 238.874632543435, 5.06205064473014, 
  291.91999347508, 11630.95703125, 238.765542764634, 5.02277628703447, 
  297.039993360639, 11656.720703125, 238.656816305307, 4.92260960738794, 
  302.159993246198, 11682.388671875, 238.548657537754, 5.03604499094385, 
  307.279993131757, 11707.8486328125, 238.440879969149, 5.06372421806631, 
  312.399993017316, 11733.4892578125, 238.333498288532, 4.89394546077247, 
  317.519992902875, 11759.25, 238.226734820891, 5.00627371490444, 
  322.639992788434, 11784.7412109375, 238.120495833275, 5.10956305312436, 
  327.759992673993, 11810.2958984375, 238.014642978265, 4.92622429281943, 
  332.879992559552, 11836.0771484375, 237.909390083386, 4.97429307221582, 
  337.999992445111, 11861.626953125, 237.804672986581, 5.08921088706809, 
  343.11999233067, 11887.10546875, 237.700316970878, 4.97787874229039, 
  348.239992216229, 11912.8720703125, 237.596503145618, 4.94273172799805, 
  353.359992101789, 11938.498046875, 237.493277539225, 5.05629579536517, 
  358.479991987348, 11963.9453125, 237.390392343705, 5.03001415525927, 
  363.599991872907, 11989.6494140625, 237.287981740064, 4.91241009781074, 
  368.719991758466, 12015.3994140625, 237.186157579136, 5.00568014013027, 
  373.839991644025, 12040.873046875, 237.084826896881, 5.10983575340153, 
  378.959991529584, 12066.458984375, 236.983850790404, 4.92709662030344, 
  384.079991415143, 12092.2177734375, 236.883425580622, 4.98124211298746, 
  389.199991300702, 12117.7724609375, 236.783536879654, 5.09895322248995, 
  394.319991186261, 12143.2744140625, 236.683992801513, 4.9795514293159, 
  399.43999107182, 12169.0849609375, 236.584938219222, 4.93924275541087, 
  404.559990957379, 12194.6904296875, 236.486447274119, 5.05153036663921, 
  409.679990842938, 12220.1142578125, 236.388341738819, 5.03655840727129, 
  414.799990728498, 12245.8427734375, 236.290648076223, 4.90969827109356, 
  419.919990614057, 12271.5537109375, 236.193513480517, 5.0280793557629, 
  425.039990499616, 12297.0068359375, 236.096767487453, 5.07437267700597, 
  430.159990385175, 12322.673828125, 236.000347423774, 4.89524216123557, 
  435.279990270734, 12348.412109375, 235.904456914519, 5.01155747687251, 
  440.399990156293, 12373.8720703125, 235.809023014365, 5.10111078459565, 
  445.519990041852, 12399.46484375, 235.713970887885, 4.92074338888234, 
  450.639989927411, 12425.24609375, 235.619438917031, 4.98772523058729, 
  455.75998981297, 12450.763671875, 235.525377804292, 5.09992556691383, 
  460.879989698529, 12476.2861328125, 235.431613113792, 4.95892766930781, 
  465.999989584088, 12502.083984375, 235.338284119144, 4.96354002677174, 
  471.119989469647, 12527.6787109375, 235.245484106167, 5.07729078074507, 
  476.239989355206, 12553.11328125, 235.153005504114, 4.99186059914786, 
  481.359989240766, 12578.8935546875, 235.060941334775, 4.94054839110323, 
  486.479989126325, 12604.5361328125, 234.969378715925, 5.05247848639566, 
  491.599989011884, 12629.953125, 234.878148708882, 5.03416923692635, 
  496.719988897443, 12655.701171875, 234.787264929476, 4.91617117159566, 
  501.839988783002, 12681.396484375, 234.696893728672, 5.03093105172576, 
  506.959988668561, 12706.8154296875, 234.606903406919, 5.06826258881324, 
  512.07998855412, 12732.4775390625, 234.517231589872, 4.8957878105235, 
  517.199988439679, 12758.2421875, 234.428060505563, 5.00700556314546, 
  522.319988325238, 12783.7158203125, 234.339296646072, 5.10645172900605, 
  527.439988210797, 12809.275390625, 234.250839742338, 4.91976726090363, 
  532.559988096356, 12835.0703125, 234.162873185927, 4.98506930898819, 
  537.679987981915, 12860.5947265625, 234.075318285033, 5.10138559169687, 
  542.799987867475, 12886.1142578125, 233.988040386966, 4.95283705800937, 
  547.919987753034, 12911.91796875, 233.901147336103, 4.97066780850012, 
  553.039987638593, 12937.48828125, 233.814763100157, 5.08616431399348, 
  558.159987524152, 12962.947265625, 233.728676172232, 4.97817901633775, 
  563.279987409711, 12988.75390625, 233.643000340885, 4.95380662392984, 
  568.39998729527, 13014.3779296875, 233.55778025351, 5.07016152379525, 
  573.519987180829, 13039.8193359375, 233.472838716079, 5.00353283582361, 
  578.639987066388, 13065.6103515625, 233.3882266497, 4.93883912825926, 
  583.759986951947, 13091.263671875, 233.304086166359, 5.03743387150453, 
  588.879986837506, 13116.708984375, 233.220254833957, 5.05603436069508, 
  593.999986723065, 13142.4140625, 233.136668194665, 4.90205094839655, 
  599.119986608624, 13168.12109375, 233.053475807209, 5.01380385839968, 
  604.239986494184, 13193.55859375, 232.970668777833, 5.09497729972212, 
  609.359986379743, 13219.1796875, 232.888146801753, 4.90852168798281, 
  614.479986265302, 13244.9560546875, 232.806082143047, 4.99840425995215, 
  619.599986150861, 13270.4306640625, 232.724418977296, 5.10993747004933, 
  624.71998603642, 13295.9931640625, 232.643030396558, 4.93396958571122, 
  629.839985921979, 13321.81640625, 232.562065779062, 4.983521532054, 
  634.959985807538, 13347.3173828125, 232.481504250793, 5.10362315920867, 
  640.079985693097, 13372.837890625, 232.401186095439, 4.94680205343394, 
  645.199985578656, 13398.642578125, 232.321238550267, 4.97557893112504, 
  650.319985464215, 13424.216796875, 232.241716008899, 5.09622310085179, 
  655.439985349774, 13449.7216796875, 232.162439332777, 4.95952164407036, 
  660.559985235333, 13475.53125, 232.083549860073, 4.9667478298734, 
  665.679985120893, 13501.087890625, 232.005059589055, 5.08169899348142, 
  670.799985006452, 13526.5244140625, 231.926837800147, 4.97927626402453, 
  675.919984892011, 13552.3359375, 231.848972159592, 4.95208672912665, 
  681.03998477757, 13577.921875, 231.771513953332, 5.06475242384114, 
  686.159984663129, 13603.38671875, 231.694319029155, 5.0099327543624, 
  691.279984548688, 13629.1552734375, 231.617433618481, 4.93678899555034, 
  696.399984434247, 13654.8095703125, 231.540965470269, 5.04934043204014, 
  701.519984319806, 13680.2333984375, 231.464770297602, 5.03487896852609, 
  706.639984205365, 13705.9873046875, 231.38886814689, 4.92139566732146, 
  711.759984090924, 13731.6474609375, 231.313387252911, 5.03430779661704, 
  716.879983976483, 13757.0693359375, 231.238182873646, 5.05854422472156, 
  721.999983862042, 13782.7861328125, 231.163228977716, 4.90832196028143, 
  727.119983747602, 13808.5244140625, 231.088682822535, 5.02642109524315, 
  732.239983633161, 13833.9423828125, 231.014429178688, 5.07180276904582, 
  737.35998351872, 13859.640625, 230.940398355586, 4.90116636120833, 
  742.479983404279, 13885.361328125, 230.866759208837, 5.01802759273748, 
  747.599983289838, 13910.8291015625, 230.793423811497, 5.08532387565964, 
  752.719983175397, 13936.5087890625, 230.720304520478, 4.89643790527633, 
  757.839983060956, 13962.2763671875, 230.647561688025, 5.01047310483965, 
  762.959982946515, 13987.724609375, 230.575122433148, 5.09889145544292, 
  768.079982832074, 14013.365234375, 230.502870110867, 4.89759721944726, 
  773.199982717633, 14039.1083984375, 230.431018171491, 5.00017840405313, 
  778.319982603192, 14064.6044921875, 230.359478537982, 5.11153306047331, 
  783.439982488751, 14090.203125, 230.288147702173, 4.91369015203072, 
  788.55998237431, 14115.974609375, 230.217161764739, 4.99385665918645, 
  793.67998225987, 14141.498046875, 230.146488757033, 5.11456669812242, 
  798.799982145429, 14167.0537109375, 230.076013323246, 4.92173192061232, 
  803.919982030988, 14192.87109375, 230.00589697573, 4.9938332655514, 
  809.039981916547, 14218.3955078125, 229.936082436396, 5.11438435161676, 
  814.159981802106, 14243.9482421875, 229.86647324504, 4.92184028562025, 
  819.279981687665, 14269.7490234375, 229.797211001974, 4.99377057256802, 
  824.399981573224, 14295.26953125, 229.728246511803, 5.11430914091649, 
  829.519981458783, 14320.8291015625, 229.65948130252, 4.92200000893612, 
  834.639981344342, 14346.62890625, 229.591062034697, 4.99349072852382, 
  839.759981229901, 14372.130859375, 229.522942403837, 5.10668407350948, 
  844.87998111546, 14397.671875, 229.455009855027, 4.93445375794573, 
  849.999981001019, 14423.4765625, 229.387408794536, 4.97876832935906, 
  855.119980886579, 14449.001953125, 229.32012162898, 5.09952723882995, 
  860.239980772138, 14474.5224609375, 229.253027509689, 4.94740336516971, 
  865.359980657697, 14500.3251953125, 229.186252052136, 4.97892931576391, 
  870.479980543256, 14525.8984375, 229.119784558763, 5.0990317298171, 
  875.599980428815, 14551.400390625, 229.053494220422, 4.94740356632917, 
  880.719980314374, 14577.228515625, 228.987510470957, 4.97964363805922, 
  885.839980199933, 14602.7568359375, 228.921851293336, 5.10014371314413, 
  890.959980085492, 14628.263671875, 228.856371079626, 4.94048482703788, 
  896.079979971051, 14654.07421875, 228.79120864348, 4.97968406160648, 
  901.19997985661, 14679.6044921875, 228.726353603165, 5.09991072108258, 
  906.319979742169, 14705.130859375, 228.661685226973, 4.9405263912479, 
  911.439979627728, 14730.9423828125, 228.597319762014, 4.97982853064863, 
  916.559979513288, 14756.4609375, 228.533252811431, 5.0994591093492, 
  921.679979398847, 14781.986328125, 228.469370599626, 4.94051263161076, 
  926.799979284406, 14807.8017578125, 228.405778991675, 4.98044357778127, 
  931.919979169965, 14833.3388671875, 228.342496505382, 5.09801949958802, 
  937.039979055524, 14858.8271484375, 228.279389033803, 4.94753786280452, 
  942.159978941083, 14884.642578125, 228.216570935602, 4.98045433297429, 
  947.279978826642, 14910.1806640625, 228.154058361041, 5.09785771656837, 
  952.399978712201, 14935.708984375, 228.091716401592, 4.94758231915309, 
  957.51997859776, 14961.5302734375, 228.029662428138, 4.98047186245212, 
  962.639978483319, 14987.0478515625, 227.967895463129, 5.09768202430604, 
  967.759978368878, 15012.5634765625, 227.906315729825, 4.94762355526605, 
 Time, Alt, Temp, Speed, 
  0.0799999982118607, 15158.005859375, 227.562112985004, 4.93645374863834, 
  5.19999988377094, 15183.646484375, 227.502274872014, 5.05122539362293, 
  10.31999976933, 15209.0810546875, 227.442670748197, 5.02475804743206, 
  15.4399996548891, 15234.8447265625, 227.383309451178, 4.92980078154825, 
  20.5599995404482, 15260.49609375, 227.324267883976, 5.04453784126116, 
  25.6799994260073, 15285.91015625, 227.265440937732, 5.03656472575754, 
  30.7999993115664, 15311.681640625, 227.206836990153, 4.9295815972675, 
  35.9199991971254, 15337.3544921875, 227.148551850866, 5.05161346394874, 
  41.0399990826845, 15362.791015625, 227.090476801351, 5.02409609811204, 
  46.1599989682436, 15388.564453125, 227.032638538253, 4.92877092338146, 
  51.2799988538027, 15414.216796875, 226.975115201331, 5.04447885580225, 
  56.3999987393618, 15439.638671875, 226.91780037409, 5.03630532180557, 
  61.5199986249208, 15465.4052734375, 226.860700451861, 4.92950428179473, 
  66.6399985104799, 15491.0771484375, 226.803915652702, 5.05188419658028, 
  71.759998396039, 15516.4990234375, 226.74733377176, 5.02051457915169, 
  76.8799982815981, 15542.2509765625, 226.690993119029, 4.93027960108688, 
  81.9999981671572, 15567.92578125, 226.634950363233, 5.05288709752713, 
  87.1199980527163, 15593.3408203125, 226.579102542226, 5.01950800473081, 
  92.2399979382753, 15619.142578125, 226.523481453851, 4.93720637606245, 
  97.3599978238344, 15644.7958984375, 226.468164311366, 5.0612852474398, 
  102.479997709394, 15670.212890625, 226.413034616701, 5.00562920633348, 
  107.599997594953, 15696.0146484375, 226.358144709109, 4.94238621805637, 
  112.719997480512, 15721.6396484375, 226.30354832604, 5.06187070356971, 
  117.839997366071, 15747.05859375, 226.249133891508, 5.00513054578377, 
  122.95999725163, 15772.8583984375, 226.19495723123, 4.94102717057544, 
  128.079997137189, 15798.4892578125, 226.141072086306, 5.06471929183459, 
  133.199997022748, 15823.91015625, 226.087358895266, 4.99918563142596, 
  138.319996908307, 15849.705078125, 226.033887117654, 4.94632777236417, 
  143.439996793866, 15875.3125, 225.980679843783, 5.06500361285866, 
  148.559996679425, 15900.75390625, 225.927665128748, 4.99893102004766, 
  153.679996564984, 15926.5458984375, 225.87489442479, 4.94557526332179, 
  158.799996450543, 15952.154296875, 225.822396094362, 5.06656349207195, 
  163.919996336102, 15977.5986328125, 225.770078688644, 4.99353956867085, 
  169.039996221662, 16003.392578125, 225.718004936931, 4.95352965145763, 
  174.159996107221, 16028.9931640625, 225.666258451885, 5.07264917052792, 
  179.27999599278, 16054.4599609375, 225.614759989499, 4.9859341856875, 
  184.399995878339, 16080.2548828125, 225.563580012227, 4.9608926235789, 
  189.519995763898, 16105.8623046875, 225.512755101752, 5.07992541353305, 
  194.639995649457, 16131.3017578125, 225.462182395904, 4.97325960485639, 
  199.759995535016, 16157.1396484375, 225.411943928274, 4.96822773340665, 
  204.879995420575, 16182.7021484375, 225.362047534076, 5.08722052014475, 
  209.999995306134, 16208.162109375, 225.312396036007, 4.95405107758897, 
  215.119995191693, 16233.9580078125, 225.263081265289, 4.96884629183435, 
  220.239995077252, 16259.5166015625, 225.21409744973, 5.08583771709866, 
  225.359994962811, 16285, 225.165362187654, 4.96065865892673, 
  230.807103459309, 16310.9169921875, 225.118489693573, 4.96826632966746, 
  235.847103346656, 16336.10546875, 225.088323409446, 5.06630660661689, 
  240.887103234003, 16361.1669921875, 225.06274734453, 5.00336113424987, 
  245.92710312135, 16386.494140625, 225.038388424587, 4.93352480900539, 
  250.967103008697, 16411.7265625, 225.014882245754, 5.03142310735161, 
  256.007102896045, 16436.76953125, 224.991960421877, 5.06237921663227, 
  261.047102783392, 16462.0390625, 224.969289846077, 4.89906061851124, 
  266.087102670739, 16487.369140625, 224.946962109768, 4.99666757931585, 
  271.127102558086, 16512.48828125, 224.924943233882, 5.09436959731242, 
  276.167102445434, 16537.62109375, 224.903138244881, 4.95512324555625, 
  281.207102332781, 16562.978515625, 224.881589369363, 4.96215941416737, 
  286.247102220128, 16588.162109375, 224.860306277147, 5.0595399896124, 
  291.287102107475, 16613.236328125, 224.839215807902, 5.01420053385381, 
  296.327101994822, 16638.578125, 224.818324441589, 4.92745807933956, 
  301.36710188217, 16663.830078125, 224.797674094807, 5.02492031113199, 
  306.407101769517, 16688.875, 224.777219480193, 5.07287803584825, 
  311.447101656864, 16714.111328125, 224.756928864824, 4.90502081337939, 
  316.487101544211, 16739.455078125, 224.736867628056, 4.9899143389211, 
  321.527101431559, 16764.607421875, 224.717012711349, 5.08828810558035, 
  326.567101318906, 16789.708984375, 224.697310316696, 4.9644923565817, 
  331.607101206253, 16815.06640625, 224.677803027719, 4.95728788741977, 
  336.6471010936, 16840.263671875, 224.658508194331, 5.05501081953275, 
  341.687100980947, 16865.310546875, 224.639369634273, 5.02085663248846, 
  346.727100868295, 16890.6484375, 224.620426430769, 4.92292870267666, 
  351.767100755642, 16915.90625, 224.601868331944, 5.02045126284951, 
  356.807100642989, 16940.955078125, 224.583903398132, 5.07999680800674, 
  361.847100530336, 16966.171875, 224.566373344087, 4.91262910142186, 
  366.887100417684, 16991.51953125, 224.548934632216, 4.98637381296982, 
  371.927100305031, 17016.634765625, 224.53096573065, 5.08448882448945, 
  376.967100192378, 17041.7421875, 224.513067319806, 4.96924991568528, 
  382.007100079725, 17067.107421875, 224.495327463584, 4.95381257270509, 
  387.047099967072, 17092.287109375, 224.477765891964, 5.05136329600575, 
  392.08709985442, 17117.345703125, 224.460350163204, 5.02673841277395, 
  397.127099741767, 17142.666015625, 224.443103494252, 4.92135010551881, 
  402.167099629114, 17167.931640625, 224.426074755573, 5.01826702658919, 
  407.207099516461, 17192.99609375, 224.409220119318, 5.08325276317494, 
  412.247099403809, 17218.201171875, 224.392508997161, 4.91627697863957, 
  417.287099291156, 17243.5625, 224.375997135293, 4.98582125042508, 
  422.327099178503, 17268.69140625, 224.359670326264, 5.08481530888957, 
  427.36709906585, 17293.802734375, 224.34347102174, 4.96917741197053, 
  432.407098953197, 17319.15625, 224.327440859173, 4.95489476981825, 
  437.447098840545, 17344.34765625, 224.31159637614, 5.0541624987267, 
  442.487098727892, 17369.39453125, 224.29589183244, 5.02093914563125, 
  447.527098615239, 17394.7265625, 224.280325375999, 4.92402947203873, 
  452.567098502586, 17419.978515625, 224.264941640772, 5.02119855308342, 
  457.607098389934, 17445.048828125, 224.249712302249, 5.07771719824841, 
  462.647098277281, 17470.267578125, 224.234602165313, 4.90657937633368, 
  467.687098164628, 17495.61328125, 224.219667036352, 4.99012995890044, 
  472.727098051975, 17520.744140625, 224.204893803777, 5.0894168695047, 
  477.767097939322, 17545.8515625, 224.190228618355, 4.9598643358232, 
  482.80709782667, 17571.2109375, 224.175712562136, 4.95911305768053, 
  487.847097714017, 17596.38671875, 224.161319347127, 5.05680337521002, 
  492.887097601364, 17621.443359375, 224.147020601113, 5.01598431901114, 
  497.927097488711, 17646.779296875, 224.132821794183, 4.92653296105998, 
  502.967097376059, 17672.015625, 224.118750086329, 5.02446884966872, 
  508.007097263406, 17697.0703125, 224.104782569479, 5.07154667004518, 
  513.047097150753, 17722.3125, 224.090906102284, 4.90049053647141, 
  518.0870970381, 17747.64453125, 224.077155430394, 4.99368227775294, 
  523.127096925447, 17772.759765625, 224.063522238053, 5.09272431712462, 
  528.167096812795, 17797.8671875, 224.049978870243, 4.9536555371343, 
  533.207096700142, 17823.236328125, 224.03655195668, 4.96511420575403, 
  538.247096587489, 17848.41796875, 224.023248812692, 5.06360699561833, 
  543.287096474836, 17873.48046875, 224.010043905951, 5.00354386805361, 
  548.327096362184, 17898.830078125, 223.996943434837, 4.93424491577325, 
  553.367096249531, 17924.0546875, 223.983973777972, 5.03349906304308, 
  558.3558754349, 17948.853515625, 223.97078093567, 5.05132468824792, 
  563.475875320459, 17974.578125, 223.945243807022, 4.92030723234299, 
  568.595875206018, 18000.28125, 223.909437385136, 5.04083984247808, 
  573.715875091577, 18025.69921875, 223.873790321389, 5.03361110378869, 
  578.835874977136, 18051.5078125, 223.837865239269, 4.93663705903074, 
  583.955874862695, 18077.171875, 223.801787278342, 5.06226188761514, 
  589.075874748254, 18102.607421875, 223.765642622523, 4.99398000424077, 
  594.195874633813, 18128.439453125, 223.729553510581, 4.95845017003671, 
  599.315874519372, 18154.052734375, 223.693607610358, 5.08326271193685, 
  604.435874404931, 18179.529296875, 223.657762546417, 4.95424532777763, 
  609.55587429049, 18205.30859375, 223.622087587789, 4.97200841324292, 
  614.67587417605, 18230.861328125, 223.58660319085, 5.09018431771327, 
  619.795874061609, 18256.365234375, 223.551266953647, 4.94816368869074, 
  624.915873947168, 18282.169921875, 223.51612901397, 4.97756987594933, 
  630.035873832727, 18307.69921875, 223.481193344326, 5.09862454893894, 
  635.155873718286, 18333.212890625, 223.446406397581, 4.92818990654776, 
  640.275873603845, 18359.041015625, 223.411828768736, 4.99294608994555, 
  645.395873489404, 18384.5234375, 223.37744166783, 5.10935240172081, 
  650.515873374963, 18410.083984375, 223.343208900676, 4.90965169191773, 
  655.635873260522, 18435.880859375, 223.309211897933, 5.00073855390299, 
  660.755873146081, 18461.3125, 223.275438609624, 5.10637661384857, 
  665.87587303164, 18486.978515625, 223.241825790203, 4.8982842475136, 
  670.995872917199, 18512.73046875, 223.208417976317, 5.02083051571996, 
  676.115872802759, 18538.1640625, 223.175182756878, 5.06965575412006, 
  681.235872688318, 18563.857421875, 223.14211114725, 4.91161349240258, 
  686.355872573877, 18589.53515625, 223.109235467636, 5.03721767660721, 
  691.475872459436, 18614.955078125, 223.076508999742, 5.03927730813304, 
  696.595872344995, 18640.720703125, 223.043937666014, 4.93251859341291, 
  701.715872230554, 18666.369140625, 223.011560404956, 5.05074830674887, 
  706.835872116113, 18691.767578125, 222.979324910995, 5.0136743207842, 
  711.955872001672, 18717.576171875, 222.947242638872, 4.94829343124391, 
  717.075871887231, 18743.177734375, 222.91534588739, 5.0709323551828, 
  722.19587177279, 18768.60546875, 222.883580442105, 4.97999435594571, 
  727.315871658349, 18794.392578125, 222.851977065586, 4.9611877432954, 
  732.435871543908, 18819.9609375, 222.820528134535, 5.08799412742403, 
  737.555871429468, 18845.4296875, 222.789191520764, 4.94810140108336, 
  742.675871315027, 18871.234375, 222.757990318653, 4.98044707905586, 
  747.795871200586, 18896.73046875, 222.726929841345, 5.10273418816959, 
  752.915871086145, 18922.259765625, 222.695981352854, 4.92278298480535, 
  758.035870971704, 18948.056640625, 222.665168594626, 4.99347894664112, 
  763.155870857263, 18973.505859375, 222.634487668258, 5.11427371392895, 
  768.275870742822, 18999.103515625, 222.603917771998, 4.89579560772911, 
  773.395870628381, 19024.849609375, 222.573480110481, 5.01348174805355, 
  778.51587051394, 19050.291015625, 222.543154522929, 5.0816412281151, 
  783.635870399499, 19075.931640625, 222.512947157072, 4.90487176548965, 
  788.755870285058, 19101.603515625, 222.482872459078, 5.02987631544343, 
  793.875870170617, 19126.974609375, 222.452908490189, 5.05158785365903, 
  798.995870056177, 19152.669921875, 222.42305546516, 4.92542185073904, 
  804.115869941736, 19178.3203125, 222.393329981416, 5.05276433026954, 
  809.235869827295, 19203.677734375, 222.363698268359, 5.00755784049477, 
  814.355869712854, 19229.41796875, 222.334178547134, 4.94521809119689, 
  819.475869598413, 19254.990234375, 222.304783419179, 5.06621656530946, 
  824.595869483972, 19280.376953125, 222.275492918677, 4.98648474268273, 
  829.715869369531, 19306.13671875, 222.24632271524, 4.95890561856712, 
  834.83586925509, 19331.58984375, 222.217278964576, 5.08134475771655, 
  839.955869140649, 19356.849609375, 222.188337090686, 4.95448719989921, 
  845.075869026208, 19382.462890625, 222.159517688881, 4.98176272804633, 
  850.195868911767, 19407.7578125, 222.130816806653, 5.10100569265069, 
  855.315868797326, 19433.099609375, 222.102219122456, 4.92269224189523, 
  860.435868682885, 19458.658203125, 222.073744096167, 4.99517900912751, 
  865.555868568445, 19483.91796875, 222.045383214374, 5.109357433448, 
  870.675868454004, 19509.30859375, 222.017126512056, 4.89848359138074, 
  875.795868339563, 19534.865234375, 221.988996308062, 5.01008937299055, 
  880.915868225122, 19560.001953125, 221.960976358512, 5.08651276497243, 
  886.035868110681, 19584.873046875, 221.933057885197, 4.91190551443528, 
  891.15586799624, 19609.193359375, 221.905262686163, 5.03769223544751, 
  896.275867881799, 19633.234375, 221.877570760952, 5.03427808917986, 
  901.395867767358, 19657.638671875, 221.849991226201, 4.93236325258968, 
  906.515867652917, 19681.896484375, 221.822530678989, 5.06029698773644, 
  911.635867538476, 19705.94140625, 221.79516752424, 4.99364182563953, 
  916.755867424035, 19730.37109375, 221.767923158107, 4.95936025704957, 
  921.875867309594, 19754.548828125, 221.740798751155, 5.08005702659769, 
  926.995867195154, 19778.6015625, 221.713778537035, 4.95457219532288, 
  932.115867080713, 19801.271484375, 221.686872731254, 4.9831106440421, 
  937.235866966272, 19823.568359375, 221.66007812251, 5.10638327129823, 
  942.355866851831, 19845.87890625, 221.633396124073, 4.90966785040243, 
  947.47586673739, 19868.41015625, 221.60682851366, 5.00399042438971, 
  952.595866622949, 19890.59375, 221.580359809326, 5.09690759900219, 
  957.715866508508, 19912.9765625, 221.553996029081, 4.90302233914927, 
  962.835866394067, 19935.423828125, 221.527763168263, 5.02421897445072, 
  967.955866279626, 19957.5625, 221.501650658827, 5.05918463434294, 
  973.075866165185, 19979.978515625, 221.475660539439, 4.92576219705677, 
  978.195866050744, 20001.576171875, 221.44980949731, 5.05254434500397, 
 Time, Alt, Temp, Speed, 
  0.0799999982118607, 20063.1796875, 221.377378208532, 5.10990453323932, 
 Time, Alt, Temp, Speed, 
  0.0799999982118607, 20189.0078125, 221.235031690142, 4.89654290001839, 
  5.19999988377094, 20212.783203125, 221.210332197435, 5.01445452180469, 
  10.31999976933, 20236.396484375, 221.185759834752, 5.07673822467621, 
  15.4399996548891, 20260.896484375, 221.161304423365, 4.91365904611273, 
  20.5599995404482, 20285.37109375, 221.136975044685, 5.03494471047148, 
  25.6799994260073, 20309.544921875, 221.112755479832, 5.0386579052505, 
  30.7999993115664, 20334.0859375, 221.088651944387, 4.93547340458078, 
  35.9199991971254, 20358.4609375, 221.064670109104, 5.05579688216471, 
  41.0399990826845, 20382.802734375, 221.040796893596, 4.99995452253822, 
  46.1599989682436, 20408.7421875, 221.017042563044, 4.95641664412365, 
  51.2799988538027, 20434.416015625, 220.993407282841, 5.07658467398676, 
  56.3999987393618, 20460.32421875, 220.96988512484, 4.96131764408518, 
  61.5199986249208, 20487.3359375, 220.946481246244, 4.97738998667266, 
  66.6399985104799, 20514.0546875, 220.923195224931, 5.10612547934836, 
  71.759998396039, 20540.8203125, 220.90001915412, 4.90202886679627, 
  76.8799982815981, 20567.8203125, 220.87696074304, 5.01216348952738, 
  81.9999981671572, 20594.443359375, 220.854012974691, 5.07980607135487, 
  87.1199980527163, 20621.640625, 220.83117721977, 4.91832558871184, 
  92.2399979382753, 20648.966796875, 220.808457017691, 5.04695703313315, 
  97.3599978238344, 20675.97265625, 220.785843209241, 5.01390477600114, 
  102.479997709394, 20703.7265625, 220.763348377243, 4.95286287989677, 
  107.599997594953, 20731.439453125, 220.740966075202, 5.08198969881313, 
  112.719997480512, 20759.013671875, 220.71869188989, 4.94833589361683, 
  117.839997366071, 20786.966796875, 220.696513047501, 4.98673610553891, 
  122.95999725163, 20814.583984375, 220.674436580976, 5.10926446262761, 
  128.079997137189, 20841.748046875, 220.65246160178, 4.89751922324983, 
  133.199997022748, 20868.265625, 220.630601061677, 5.01520122383306, 
  138.319996908307, 20894.419921875, 220.608855201838, 5.07333121939124, 
  143.439996793866, 20920.91796875, 220.587221525266, 4.92262116638852, 
  148.559996679425, 20947.140625, 220.565702181866, 5.04888515652532, 
  153.679996564984, 20973.091796875, 220.544315009539, 5.00806113045932, 
  158.799996450543, 20999.43359375, 220.523053437773, 4.95010231994233, 
  163.919996336102, 21025.576171875, 220.501915819099, 5.07690967092393, 
  169.039996221662, 21051.5546875, 220.480894111708, 4.95482970962044, 
  174.159996107221, 21077.763671875, 220.459995879447, 4.97690955359755, 
  179.27999599278, 21103.703125, 220.439220552319, 5.10618814884268, 
  184.399995878339, 21129.673828125, 220.418560965478, 4.90338332911301, 
  189.519995763898, 21156.048828125, 220.398023060669, 5.00987516549479, 
  194.639995649457, 21182.126953125, 220.377600833188, 5.08303231008865, 
  199.759995535016, 21208.427734375, 220.357294514367, 4.91241364160422, 
  204.879995420575, 21234.771484375, 220.337110197975, 5.03841407340792, 
  209.999995306134, 21260.8125, 220.317037042663, 5.02771180413168, 
  215.119995191693, 21287.345703125, 220.297079793871, 4.93961069665738, 
  220.239995077252, 21313.693359375, 220.277236074146, 5.06674943825332, 
  225.359994962811, 21339.857421875, 220.25751253144, 4.97455674049928, 
  230.479994848371, 21366.474609375, 220.237903498061, 4.97436467920053, 
  235.59999473393, 21392.818359375, 220.21840375723, 5.10045543074668, 
  240.719994619489, 21419.169921875, 220.19901306527, 4.90870718259514, 
  245.839994505048, 21445.76953125, 220.179739739701, 5.01010038058992, 
  250.959994390607, 21472.115234375, 220.160572941624, 5.08148318321651, 
  256.079994276166, 21498.90234375, 220.141514814982, 4.91349007721013, 
  261.199994161725, 21525.689453125, 220.122558711217, 5.03643131430535, 
  266.319994047284, 21552.173828125, 220.103708950523, 5.03239509584225, 
  271.439993932843, 21578.5625, 220.084967563157, 4.94175325960119, 
  276.559993818402, 21604.71484375, 220.066335899724, 5.06387689130388, 
  281.679993703961, 21630.65234375, 220.047807215041, 4.98081278249011, 
  286.79999358952, 21657.025390625, 220.02938098313, 4.96917348819743, 
  291.91999347508, 21682.552734375, 220.012022314, 5.09134077887337, 
  297.039993360639, 21707.806640625, 219.993823754131, 4.92936373718598, 
  302.159993246198, 21733.353515625, 219.976794549218, 4.99643722102581, 
  307.279993131757, 21758.48046875, 219.960671682883, 5.10653287084766, 
  312.399993017316, 21783.369140625, 219.944560781735, 4.89967811175808, 
  317.519992902875, 21808.375, 219.928453085822, 5.02318115529965, 
  322.639992788434, 21833.044921875, 219.912354080542, 5.05697375703329, 
  327.759992673993, 21857.99609375, 219.896272845065, 4.92684926261786, 
  332.879992559552, 21882.177734375, 219.879693128782, 5.05103650718438, 
  337.999992445111, 21906.0546875, 219.862597205029, 5.00132430918539, 
  343.11999233067, 21930.34765625, 219.845593050646, 4.95473272180287, 
  348.239992216229, 21954.69140625, 219.828666508265, 5.07882399297016, 
  353.359992101789, 21979.169921875, 219.811839231804, 4.94838269211375, 
  358.479991987348, 22003.98046875, 219.795102647141, 4.98997771311868, 
  363.599991872907, 22028.453125, 219.778450575978, 5.11480489321995, 
  368.719991758466, 22052.3984375, 219.761898635716, 4.90100822207344, 
  373.839991644025, 22075.904296875, 219.745425300619, 5.03117310151615, 
  378.959991529584, 22099.07421875, 219.729036542827, 5.0400280310638, 
  384.079991415143, 22122.716796875, 219.712739369718, 4.94152197950821, 
  389.199991300702, 22146.93359375, 219.69652193136, 5.06415876399018, 
  394.319991186261, 22170.970703125, 219.680396262675, 4.97484255745862, 
  399.43999107182, 22195.396484375, 219.66435863558, 4.9690177795796, 
  404.559990957379, 22219.6171875, 219.648395923815, 5.09098639943298, 
  409.679990842938, 22244.12109375, 219.63252721223, 4.92155130019303, 
  414.799990728498, 22268.92578125, 219.616738503622, 4.99705375127169, 
  419.919990614057, 22293.388671875, 219.60102557632, 5.10492051712657, 
  425.039990499616, 22317.732421875, 219.585406374406, 4.90737822831855, 
  430.159990385175, 22342.009765625, 219.569857355735, 5.03025374570947, 
  435.279990270734, 22365.96875, 219.554390648082, 5.04064618429426, 
  440.399990156293, 22390.341796875, 219.539013231682, 4.94313452928101, 
  445.519990041852, 22416.056640625, 219.523703528631, 5.06961575847544, 
  450.639989927411, 22441.763671875, 219.508479359821, 4.96795914529807, 
  455.75998981297, 22467.875, 219.493330694505, 4.97653996117988, 
  460.879989698529, 22493.38671875, 219.478253805015, 5.1048144109857, 
  465.999989584088, 22518.74609375, 219.46326736886, 4.89722378521341, 
  471.119989469647, 22544.33203125, 219.44834982178, 5.00949547507629, 
  476.239989355206, 22569.560546875, 219.433507226213, 5.0803411321168, 
  481.359989240766, 22595.6328125, 219.418731368164, 4.91449735808271, 
  486.479989126325, 22621.958984375, 219.404028711399, 5.04538913506295, 
  491.599989011884, 22648.0078125, 219.389404896561, 5.0128711095375, 
  496.719988897443, 22674.099609375, 219.374827853459, 4.95328858252881, 
  501.839988783002, 22699.66796875, 219.360284228366, 5.07973490135662, 
  506.959988668561, 22725.12109375, 219.345790553885, 4.94882715687186, 
  512.07998855412, 22750.91796875, 219.331338956824, 4.98628629442014, 
  517.199988439679, 22776.42578125, 219.316924911559, 5.1144006953234, 
  522.319988325238, 22802.103515625, 219.302565035472, 4.89846114889806, 
  527.439988210797, 22827.916015625, 219.288244033382, 5.02666566321963, 
  532.559988096356, 22853.15625, 219.273966895389, 5.04672835916206, 
  537.679987981915, 22878.57421875, 219.259743293868, 4.93969984350045, 
  542.799987867475, 22903.853515625, 219.245557085283, 5.06612190544847, 
  547.919987753034, 22928.93359375, 219.231422619713, 4.96824824328868, 
  553.039987638593, 22954.861328125, 219.217336051053, 4.97383921500744, 
  558.159987524152, 22980.7421875, 219.203289616381, 5.09935036472689, 
  563.279987409711, 23006.65625, 219.189300128978, 4.91044930859645, 
  568.39998729527, 23032.546875, 219.175352855672, 5.00741351068146, 
  573.519987180829, 23057.96484375, 219.161450126348, 5.08373899276415, 
  578.639987066388, 23083.685546875, 219.147605358854, 4.91712417310917, 
  583.759986951947, 23109.35546875, 219.133800849795, 5.04158577052279, 
  588.879986837506, 23133.736328125, 219.120046130004, 5.01908762427551, 
  593.999986723065, 23158.14453125, 219.106345336629, 4.95014045919193, 
  599.119986608624, 23182.31640625, 219.092685130644, 5.07552483118448, 
  604.239986494184, 23207.02734375, 219.079080606162, 4.95520567965946, 
  609.359986379743, 23232.091796875, 219.065524930244, 4.98354061156735, 
  614.479986265302, 23256.84765625, 219.052011566591, 5.11000287617706, 
  619.599986150861, 23281.705078125, 219.038557833863, 4.894760816831, 
  624.71998603642, 23305.556640625, 219.025145788097, 5.01716132898436, 
  629.839985921979, 23328.96875, 219.011782048345, 5.06459959326989, 
  634.959985807538, 23352.8203125, 218.998477106407, 4.9279214661573, 
  640.079985693097, 23376.798828125, 218.98521234592, 5.05921582635025, 
  645.199985578656, 23400.517578125, 218.972001924098, 4.98138863917364, 
  650.319985464215, 23424.650390625, 218.958842323617, 4.96654519346498, 
  655.439985349774, 23448.46484375, 218.945724290143, 5.09312167904528, 
  660.559985235333, 23472.15625, 218.932664069383, 4.91557323496228, 
  665.679985120893, 23496.158203125, 218.919648937455, 5.00854976585107, 
  670.799985006452, 23519.03125, 218.906678563239, 5.08023515788901, 
  675.919984892011, 23541.99609375, 218.893766592871, 4.91609362994635, 
  681.03998477757, 23564.908203125, 218.880895125654, 5.04238500590296, 
  686.159984663129, 23587.54296875, 218.868074065495, 5.01414859451248, 
  691.279984548688, 23610.8203125, 218.855307427998, 4.95816277534895, 
  696.399984434247, 23634.0625, 218.842580150289, 5.08953259034267, 
  701.519984319806, 23657.5078125, 218.829909750646, 4.92221722536527, 
  706.639984205365, 23681.861328125, 218.817285424361, 5.00511621056685, 
  711.759984090924, 23705.814453125, 218.804704954926, 5.08658812757392, 
  716.879983976483, 23730.05859375, 218.792184279977, 4.92159595958564, 
  721.999983862042, 23754.240234375, 218.77970188363, 5.05163185335012, 
  727.119983747602, 23776.853515625, 218.767271840551, 4.99470854191262, 
  732.239983633161, 23799.828125, 218.754892559933, 4.96087311645995, 
  737.35998351872, 23822.458984375, 218.742552052026, 5.08519598833313, 
  742.479983404279, 23845.013671875, 218.730268850516, 4.928486436051, 
  747.599983289838, 23867.89453125, 218.718030112471, 4.99441819247585, 
  752.719983175397, 23890.3984375, 218.705832241447, 5.10638392975355, 
  757.839983060956, 23914.421875, 218.69369209497, 4.9039274404128, 
  762.959982946515, 23939.923828125, 218.681591489152, 5.02787365859693, 
  768.079982832074, 23964.64453125, 218.669536972394, 5.0410533064629, 
  773.199982717633, 23989.47265625, 218.657541506896, 4.93764045835192, 
  778.319982603192, 24014.171875, 218.645592220395, 5.06985899503997, 
  783.439982488751, 24038.642578125, 218.633706522555, 4.96157453426339, 
  788.55998237431, 24063.578125, 218.621878176023, 4.9830874696359, 
  793.67998225987, 24088.365234375, 218.610098654123, 5.10958121316527, 
  798.799982145429, 24113.28515625, 218.59840848061, 4.89592702413572, 
  803.919982030988, 24138.369140625, 218.586905024023, 5.02420789926173, 
  809.039981916547, 24163.115234375, 218.575576498238, 5.04776862346404, 
  814.159981802106, 24188.234375, 218.564396532351, 4.93474494672095, 
  819.279981687665, 24213.20703125, 218.553320788838, 5.06550983058753, 
  824.399981573224, 24237.8125, 218.542350216971, 4.96809452367479, 
  829.519981458783, 24262.677734375, 218.53146117824, 4.98138729430133, 
  834.639981344342, 24287.044921875, 218.520637410737, 5.11273480264352, 
  839.759981229901, 24311.51171875, 218.509893283197, 4.89861900578086, 
  844.87998111546, 24336.103515625, 218.499202747749, 5.02736071032385, 
  849.999981001019, 24360.373046875, 218.488574934689, 5.04109744230489, 
  855.119980886579, 24385.982421875, 218.478014258853, 4.93831768515469, 
  860.239980772138, 24412.462890625, 218.467499366387, 5.06831129262639, 
  865.359980657697, 24438.0078125, 218.457048968113, 4.96156750106651, 
  870.479980543256, 24463.939453125, 218.446650761028, 4.98545349737483, 
  875.599980428815, 24489.529296875, 218.436296126904, 5.11318859806259, 
  880.719980314374, 24515.251953125, 218.426004461513, 4.90054117063212, 
  885.839980199933, 24541.251953125, 218.415751601343, 5.02488949751196, 
  890.959980085492, 24567.673828125, 218.405547928623, 5.04639923511846, 
  896.079979971051, 24595.330078125, 218.39540079195, 4.94184684386846, 
  901.19997985661, 24622.853515625, 218.385289279408, 5.07116936544502, 
  906.319979742169, 24650.166015625, 218.375235163733, 4.95500430753833, 
  911.439979627728, 24677.900390625, 218.365226666392, 4.98937735818524, 
  916.559979513288, 24705.044921875, 218.355258647106, 5.11112214294442, 
  921.679979398847, 24727.568359375, 218.345345387408, -2.25826403663334, 
  926.799979284406, 24596.82421875, 218.338629911046, -48.213568142381, 
 State2Transition, 
 Pop, 
  932.270988470053, 24220.078125, 218.356556794092, -94.864225693473, 
 State3Transition, 
  937.3109883574, 23630.9140625, 218.425025443008, -138.861882976091, 
  942.350988244747, 22824.681640625, 218.542141405778, -181.015825783404, 
  947.390988132094, 21812.482421875, 218.695948568235, -220.285172829954, 
  952.430988019441, 20613.634765625, 218.997991729067, -254.693153030393, 
  957.470987906789, 19261.5, 220.085376987229, -279.09178275385, 
  962.510987794136, 17833.255859375, 222.205507601924, -284.830897802559, 
  967.550987681483, 16411.2734375, 225.008193040134, -278.110998168828, 
  972.59098756883, 15035.1806640625, 227.96477126645, -267.78597243848, 
  977.630987456178, 13712.5390625, 230.647934058155, -256.977052083949, 
  982.670987343525, 12451.1630859375, 232.757709222981, -242.659399412677, 
  987.710987230872, 11275.0361328125, 233.969969867276, -223.262608026872, 
  992.750987118219, 10202.55078125, 234.124402902463, -202.286574844558, 
  997.790987005566, 9233.501953125, 233.716951160378, -182.400654698339, 
  1002.83098689291, 8359.3427734375, 233.041789085177, -164.905503589241, 
  1007.87098678026, 7564.07275390625, 232.410518274984, -151.16499003421, 
  1012.91098666761, 6830.14111328125, 232.087246971642, -140.440352226151, 
  1017.95098655496, 6144.3115234375, 232.196298598967, -131.941741076779, 
  1022.9909864423, 5497.3671875, 232.749835823449, -124.938398934968, 
  1028.03098632965, 4882.84765625, 233.762226043992, -119.024872111665, 
  1033.070986217, 4295.9833984375, 235.202779764203, -113.922812523372, 
  1038.11098610434, 3733.2939453125, 237.027591407526, -109.41180038365, 
  1043.15098599169, 3192.11474609375, 239.186803353593, -105.375293921629, 
  1048.19098587904, 2670.32788085938, 241.629245761251, -101.719513254004, 
 State4Transition, 
 ParachuteActivated, 
  1053.27098576549, 2162.20629882813, 244.327205413793, -98.3579105230966, 
 ParachuteActivated, 
  1058.31098565284, 1710.88439941406, 247.17665782489, -80.4916845756546, 
 ParachuteActivated, 
  1063.35098554019, 1324.04309082031, 250.155914815163, -73.8629787417859, 
 ParachuteActivated, 
  1068.39098542753, 962.001525878906, 253.196105725104, -69.6604819264167, 
 ParachuteActivated, 
  1073.43098531488, 871.752380371094, 255.976213998203, -4.48973317039852, 
 ParachuteActivated, 
  1078.47098520223, 848.91015625, 258.29387878466, -4.5989399617981, 
 ParachuteActivated, 
  1083.51098508958, 825.869262695313, 260.395820773693, -4.59612411750275, 
 ParachuteActivated, 
  1088.55098497692, 803.017944335938, 262.315149718766, -4.53586882374987, 
 ParachuteActivated, 
  1093.59098486427, 780.225402832031, 264.070139276786, -4.56633545344685, 
 ParachuteActivated, 
  1098.63098475162, 757.516052246094, 265.678363236178, -4.39158366132446, 
 ParachuteActivated, 
  1103.67098463896, 734.883117675781, 267.155105622848, -4.50678726452901, 
 ParachuteActivated, 
  1108.71098452631, 712.279479980469, 268.516187626401, -4.57239774828523, 
 ParachuteActivated, 
  1113.75098441366, 689.730346679688, 269.774637108074, -4.44460932237806, 
 ParachuteActivated, 
  1118.79098430101, 667.462585449219, 270.941892829879, -4.58143093669329, 
 ParachuteActivated, 
  1123.83098418835, 644.784790039063, 272.029923188905, -4.57074578616422, 
 ParachuteActivated, 
  1128.8709840757, 622.295776367188, 273.048051258147, -4.51347704592776, 
 ParachuteActivated, 
  1133.91098396305, 600.190612792969, 274.002844854161, -4.43028576994632, 
 ParachuteActivated, 
  1138.95098385039, 578.054382324219, 274.901752045833, -4.44538705949606, 
 ParachuteActivated, 
  1143.99098373774, 555.893005371094, 275.751108446358, -4.46119380956885, 
 ParachuteActivated, 
  1149.03098362509, 533.496215820313, 276.557360876297, -4.46094840622166, 
 ParachuteActivated, 
  1154.07098351244, 511.137420654297, 277.32461958196, -4.49012815524885, 
 ParachuteActivated, 
  1159.11098339978, 488.962036132813, 278.056842687786, -4.48992419505083, 
 ParachuteActivated, 
  1164.15098328713, 466.744934082031, 278.757808336848, -4.38688225040003, 
 ParachuteActivated, 
  1169.19098317448, 444.751861572266, 279.429835605027, -4.4799386027744, 
 ParachuteActivated, 
  1174.23098306183, 422.341766357422, 280.076552995536, -4.45468359340515, 
 ParachuteActivated, 
  1179.27098294917, 400.282958984375, 280.700514824836, -4.27970912421334, 
 ParachuteActivated, 
  1184.31098283652, 378.047210693359, 281.303036825538, -4.33482138479795, 
 ParachuteActivated, 
  1189.35098272387, 355.839416503906, 281.886803394811, -4.26404978141109, 
 ParachuteActivated, 
  1194.39098261121, 333.971130371094, 282.452559714398, -4.30367776055306, 
 ParachuteActivated, 
  1199.43098249856, 311.620880126953, 283.002555944083, -4.28281976478669, 
 ParachuteActivated, 
  1204.47098238591, 289.527465820313, 283.538079891849, -4.17765502388477, 
 ParachuteActivated, 
  1209.51098227326, 267.646362304688, 284.059619914416, -4.28327002804077, 
 ParachuteActivated, 
  1214.59048411285, 245.388488769531, 284.572354930309, -4.3336872903111, 
 ParachuteActivated, 
  1219.65144103098, 223.350875854492, 285.070367694698, -4.14826019955086, 
 ParachuteActivated, 
  1224.85110396296, 201.528121948242, 285.554685937717, -4.4211523673, 
 ParachuteActivated, 
  1229.89110385031, 179.646682739258, 286.029217007232, -4.41486549724642, 
 ParachuteActivated, 
  1234.93110373766, 157.867309570313, 286.495108973456, -4.41252321532662, 
 ParachuteActivated, 
  1239.971103625, 135.96369934082, 286.95278365948, -4.36832670972019, 
 ParachuteActivated, 
  1245.01110351235, 114.562805175781, 287.402127197889, -4.36329481378631, 
 ParachuteActivated, 
  1250.0511033997, 92.915283203125, 287.843861046428, -4.34592236420856, 
 ParachuteActivated, 
  1255.09110328705, 71.13671875, 288.27846538683, -4.36622454643449, 
 ParachuteActivated, 
  1260.13110317439, 49.2934074401855, 288.706818277057, -4.3359019639795, 
 ParachuteActivated, 
  1265.17110306174, 27.4746932983398, 289.129032441327, -4.3302174525524, 
 ParachuteActivated, 
  1270.21110294909, 5.76925420761108, 289.545144872835, -4.32087313357088, 
 ParachuteActivated, 
  1275.25110283644, 0.924839437007904, 289.923815306622, -0.0870655569399759, 
 ParachuteActivated, 
  1280.29110272378, 0.528731822967529, 290.191969602926, 0.0583184887260586, 
 ParachuteActivated, 
  1285.33110261113, 0.504991114139557, 290.38097682276, 0.000255602075654338, 
 ParachuteActivated, 
  1290.37110249848, 0.501634061336517, 290.51640115301, -2.3001243505405E-06, 
 Abort, 
 End of Mission, 
 0, 87.3338195625693, 89.8106051040799, 77.9013056053082, 
 1.04, 87.3338129933691, 89.8135750510232, 77.9012987123569, 
 2.08, 87.3338420471409, 89.7960180181143, 77.9013437866233, 
 3.12, 87.3338151845383, 89.8122309881177, 77.9013022073777, 
 4.16, 87.3338198442943, 89.8088486851241, 77.9013094434049, 
 5.2, 87.3338377597975, 89.7988929492736, 77.9013361058896, 
 6.24, 87.3338147649774, 89.8123097898723, 77.9013019532431, 
 7.28, 87.3338271583198, 89.8055241082986, 77.9013184163487, 
